ACUCSX05,ACURA, CSX ,2005,2009,This is a car
ACUCSX09,ACURA, CSX ,2009,2011,This is a car
ACUEL97,ACURA, EL ,1997,2000,This is a car
ACUILX12,ACURA, ILX ,2012,2016,This is a car
ACUILX16,ACURA, ILX ,2016,2018,This is a car
ACUILX18,ACURA, ILX ,2018,2023,This is a car
ACUINT22,ACURA, Integra ,2022,2023,This is a car
ACUINT86,ACURA, Integra ,1986,1989,This is a car
ACUINT89,ACURA, Integra ,1989,1994,This is a car
ACUINT94,ACURA, Integra ,1994,2001,This is a car
ACULEG86,ACURA, Legend ,1986,1991,This is a car
ACULEG90,ACURA, Legend ,1990,1996,This is a car
ACUMDX01,ACURA, MDX ,2001,2004,This is a car
ACUMDX04,ACURA, MDX ,2004,2006,This is a car
ACUMDX06,ACURA, MDX ,2006,2009,This is a car
ACUMDX10,ACURA, MDX ,2010,2013,This is a car
ACUMDX13,ACURA, MDX ,2013,2016,This is a car
ACUMDX16,ACURA, MDX ,2016,2021,This is a car
ACUMDX21,ACURA, MDX ,2021,2023,This is a car
ACUNSX91,ACURA, NSX ,1991,2001,This is a car
ACUNSX01,ACURA, NSX ,2001,2005,This is a car
ACUNSX16,ACURA, NSX ,2016,2023,This is a car
ACURDX06,ACURA, RDX ,2006,2011,This is a car
ACURDX12,ACURA, RDX ,2012,2015,This is a car
ACURDX15,ACURA, RDX ,2015,2018,This is a car
ACURDX18,ACURA, RDX ,2018,2021,This is a car
ACURL04,ACURA, RL ,2004,2008,This is a car
ACURL08,ACURA, RL ,2008,2012,This is a car
ACURLX13,ACURA, RLX ,2013,2017,This is a car
ACURLX17,ACURA, RLX ,2017,2023,This is a car
ACURSX02,ACURA, RSX ,2002,2005,This is a car
ACURSX05,ACURA, RSX ,2005,2006,This is a car
ACUTL95,ACURA, TL ,1995,1998,This is a car
ACUTL99,ACURA, TL ,1999,2003,This is a car
ACUTL03,ACURA, TL ,2003,2008,This is a car
ACUTL08,ACURA, TL ,2008,2014,This is a car
ACUTLX15,ACURA, TLX ,2015,2020,This is a car
ACUTLX20,ACURA, TLX ,2020,2023,This is a car
ACUTSX08,ACURA, TSX ,2008,2014,This is a car
ACUTSXW10,ACURA, TSX Sport Wagon ,2010,2014,This is a car
ACUZDX09,ACURA, ZDX ,2009,2013,This is a car